topic,probability,count,topic_words
-1.0,0.0,1019,
0.0,0.8104717890349935,2601,the of and to in is malawi for development national that on percent an with
1.0,0.8233452171691605,27,              
2.0,0.7422378723454607,25,              
3.0,0.7298838272233076,17,              
