topic,probability,count,topic_words
-1.0,0.0,9959,
0.0,0.8218974441887202,15403,the and to of in an for is th that be are with on as
1.0,0.8447796307839143,26,              
2.0,0.7008126609747426,16,te              
