size,node
35.45454545454545,The following strategies are recommended
30.0,education
24.545454545454547,women
22.727272727272727,training
13.636363636363637,HIV
11.818181818181818,strategies
11.818181818181818,men
11.818181818181818,AIDS
