size,node
12.222222222222221,health
12.222222222222221,poor
12.222222222222221,rich
12.222222222222221,risks
21.11111111111111,social services
12.222222222222221,threats
